{
  "timestamp": "2025-03-19T14:26:05.975190",
  "total_pairs": 52,
  "data": {
    "EOS/USDT": {
      "last": 0.6227,
      "bid": 0.6226,
      "ask": 0.6227,
      "volume": 109662000.6,
      "percentage": 27.082,
      "timestamp": 1742365583100
    },
    "VET/USDT": {
      "last": 0.02577,
      "bid": 0.02577,
      "ask": 0.02578,
      "volume": 421085895.4,
      "percentage": 5.615,
      "timestamp": 1742365583394
    },
    "MKR/USDT": {
      "last": 1322.0,
      "bid": 1322.0,
      "ask": 1323.0,
      "volume": 16164.3574,
      "percentage": 10.628,
      "timestamp": 1742365580133
    },
    "DOT/USDT": {
      "last": 4.501,
      "bid": 4.501,
      "ask": 4.502,
      "volume": 5806488.29,
      "percentage": 5.781,
      "timestamp": 1742365585102
    },
    "SUN/USDT": {
      "last": 0.01759,
      "bid": 0.01758,
      "ask": 0.01759,
      "volume": 1472344414.0,
      "percentage": 6.93,
      "timestamp": 1742365585156
    },
    "XLM/TRY": {
      "last": 10.308,
      "bid": 10.307,
      "ask": 10.31,
      "volume": 1820487.0,
      "percentage": 5.141,
      "timestamp": 1742365586178
    },
    "DOT/TRY": {
      "last": 165.5,
      "bid": 165.4,
      "ask": 165.5,
      "volume": 83192.84,
      "percentage": 6.022,
      "timestamp": 1742365581897
    },
    "CAKE/USDT": {
      "last": 2.365,
      "bid": 2.365,
      "ask": 2.366,
      "volume": 89634079.69,
      "percentage": -8.793,
      "timestamp": 1742365586445
    },
    "EOS/TRY": {
      "last": 22.95,
      "bid": 22.88,
      "ask": 22.91,
      "volume": 5652580.4,
      "percentage": 27.217,
      "timestamp": 1742365582513
    },
    "RAY/USDT": {
      "last": 1.869,
      "bid": 1.868,
      "ask": 1.869,
      "volume": 22956874.7,
      "percentage": 12.523,
      "timestamp": 1742365587759
    },
    "VIDT/USDT": {
      "last": 0.01174,
      "bid": 0.01173,
      "ask": 0.01174,
      "volume": 1169645200.0,
      "percentage": 12.668,
      "timestamp": 1742365587407
    },
    "AUCTION/USDT": {
      "last": 38.08,
      "bid": 38.07,
      "ask": 38.08,
      "volume": 1612008.61,
      "percentage": 25.016,
      "timestamp": 1742365589785
    },
    "BNX/USDT": {
      "last": 1.7819,
      "bid": null,
      "ask": null,
      "volume": 95308869.0,
      "percentage": 14.115,
      "timestamp": 1742266806433
    },
    "API3/USDT": {
      "last": 0.897,
      "bid": 0.896,
      "ask": 0.897,
      "volume": 78754217.79,
      "percentage": 8.991,
      "timestamp": 1742365590940
    },
    "T/USDT": {
      "last": 0.01754,
      "bid": 0.01753,
      "ask": 0.01754,
      "volume": 765309005.3,
      "percentage": 5.599,
      "timestamp": 1742365591401
    },
    "API3/TRY": {
      "last": 32.94,
      "bid": 32.94,
      "ask": 32.98,
      "volume": 28966663.42,
      "percentage": 9.145,
      "timestamp": 1742365592006
    },
    "GMT/USDT": {
      "last": 0.0548,
      "bid": 0.0547,
      "ask": 0.0548,
      "volume": 252540262.6,
      "percentage": 12.295,
      "timestamp": 1742365592763
    },
    "GMT/TRY": {
      "last": 2.011,
      "bid": 2.011,
      "ask": 2.015,
      "volume": 18903754.82,
      "percentage": 12.158,
      "timestamp": 1742365593314
    },
    "RDNT/USDT": {
      "last": 0.02842,
      "bid": 0.02838,
      "ask": 0.02841,
      "volume": 553615908.0,
      "percentage": 14.875,
      "timestamp": 1742365593921
    },
    "AERGO/USDT": {
      "last": 0.0771,
      "bid": 0.077,
      "ask": 0.0771,
      "volume": 172708340.0,
      "percentage": -13.855,
      "timestamp": 1742365593170
    },
    "COMBO/TRY": {
      "last": 6.04,
      "bid": 6.03,
      "ask": 6.04,
      "volume": 16424462.0,
      "percentage": 8.829,
      "timestamp": 1742365572285
    },
    "CYBER/TRY": {
      "last": 52.7,
      "bid": 52.5,
      "ask": 52.6,
      "volume": 4153861.08,
      "percentage": 12.128,
      "timestamp": 1742365572203
    },
    "CYBER/USDT": {
      "last": 1.428,
      "bid": 1.428,
      "ask": 1.429,
      "volume": 10439593.35,
      "percentage": 11.563,
      "timestamp": 1742365589018
    },
    "TRB/TRY": {
      "last": 1152.0,
      "bid": 1151.0,
      "ask": 1152.0,
      "volume": 35164.107,
      "percentage": 5.302,
      "timestamp": 1742365589068
    },
    "CAKE/TRY": {
      "last": 87.14,
      "bid": 86.93,
      "ask": 86.98,
      "volume": 2252715.03,
      "percentage": -8.466,
      "timestamp": 1742365592789
    },
    "XAI/TRY": {
      "last": 2.6,
      "bid": 2.59,
      "ask": 2.6,
      "volume": 10916919.9,
      "percentage": 5.691,
      "timestamp": 1742365596955
    },
    "MANTA/USDT": {
      "last": 0.274,
      "bid": 0.273,
      "ask": 0.274,
      "volume": 41706736.7,
      "percentage": 9.163,
      "timestamp": 1742365598196
    },
    "MANTA/TRY": {
      "last": 10.03,
      "bid": 10.03,
      "ask": 10.05,
      "volume": 6749006.7,
      "percentage": 9.022,
      "timestamp": 1742365597301
    },
    "DYM/USDT": {
      "last": 0.402,
      "bid": 0.401,
      "ask": 0.402,
      "volume": 122019859.3,
      "percentage": 22.936,
      "timestamp": 1742365597775
    },
    "DYM/TRY": {
      "last": 14.8,
      "bid": 14.73,
      "ask": 14.78,
      "volume": 44516836.4,
      "percentage": 23.026,
      "timestamp": 1742365589354
    },
    "PORTAL/TRY": {
      "last": 3.68,
      "bid": 3.663,
      "ask": 3.672,
      "volume": 3445449.8,
      "percentage": 6.052,
      "timestamp": 1742365600449
    },
    "RAY/TRY": {
      "last": 68.63,
      "bid": 68.63,
      "ask": 68.68,
      "volume": 2315386.7,
      "percentage": 12.674,
      "timestamp": 1742365601209
    },
    "RDNT/TRY": {
      "last": 1.048,
      "bid": 1.042,
      "ask": 1.044,
      "volume": 161119154.0,
      "percentage": 15.165,
      "timestamp": 1742365599239
    },
    "SAGA/USDT": {
      "last": 0.388,
      "bid": 0.3878,
      "ask": 0.3879,
      "volume": 28091733.5,
      "percentage": 6.681,
      "timestamp": 1742365599762
    },
    "SAGA/TRY": {
      "last": 14.26,
      "bid": 14.25,
      "ask": 14.26,
      "volume": 4673603.3,
      "percentage": 6.977,
      "timestamp": 1742365599118
    },
    "OMNI/TRY": {
      "last": 122.8,
      "bid": 122.5,
      "ask": 122.8,
      "volume": 97239.87,
      "percentage": 5.953,
      "timestamp": 1742365589137
    },
    "BNX/TRY": {
      "last": 65.3,
      "bid": null,
      "ask": null,
      "volume": 27698830.2,
      "percentage": 13.407,
      "timestamp": 1742266808882
    },
    "TON/USDT": {
      "last": 3.625,
      "bid": 3.624,
      "ask": 3.625,
      "volume": 13159305.77,
      "percentage": 5.133,
      "timestamp": 1742365604136
    },
    "TON/TRY": {
      "last": 133.3,
      "bid": 133.2,
      "ask": 133.3,
      "volume": 299381.95,
      "percentage": 5.375,
      "timestamp": 1742365604933
    },
    "SLF/TRY": {
      "last": 9.84,
      "bid": 9.84,
      "ask": 9.85,
      "volume": 1527732.9,
      "percentage": 7.541,
      "timestamp": 1742365595074
    },
    "SUN/TRY": {
      "last": 0.6465,
      "bid": 0.6464,
      "ask": 0.6468,
      "volume": 171157004.0,
      "percentage": 7.161,
      "timestamp": 1742365606077
    },
    "COW/TRY": {
      "last": 11.19,
      "bid": 11.17,
      "ask": 11.18,
      "volume": 1120178.0,
      "percentage": 6.775,
      "timestamp": 1742365606771
    },
    "USUAL/USDT": {
      "last": 0.1575,
      "bid": 0.1574,
      "ask": 0.1575,
      "volume": 79171772.0,
      "percentage": -6.026,
      "timestamp": 1742365580192
    },
    "ACX/TRY": {
      "last": 9.55,
      "bid": 9.54,
      "ask": 9.55,
      "volume": 3851014.3,
      "percentage": 8.894,
      "timestamp": 1742365573098
    },
    "USUAL/TRY": {
      "last": 5.78,
      "bid": 5.78,
      "ask": 5.79,
      "volume": 13244470.6,
      "percentage": -6.016,
      "timestamp": 1742365608121
    },